,city,lat,lon,temp,humidity,wind,cloud,country,date
0,poum,-20.2333,164.0167,79.72,75,1.14,94,NC,1611098457
1,hilo,19.7297,-155.09,80.6,61,8.05,75,US,1611097816
2,vaini,-21.2,-175.2,87.8,70,9.22,40,TO,1611098308
3,busselton,-33.65,115.3333,66.99,97,8.03,9,AU,1611098318
4,chongwe,-15.3292,28.682,68.0,94,2.3,75,ZM,1611098381
5,new norfolk,-42.7826,147.0587,63.0,49,1.99,0,AU,1611098306
6,hobart,-42.8794,147.3294,63.0,47,3.44,20,AU,1611098309
7,hermanus,-34.4187,19.2345,61.0,87,11.18,47,ZA,1611098331
8,ongole,15.5,80.05,68.07,87,4.34,2,IN,1611098568
9,hamilton,39.1834,-84.5333,39.2,48,9.22,1,US,1611098467
10,khatanga,71.9667,102.5,-26.54,86,2.08,99,RU,1611098312
11,esperance,-33.8667,121.9,78.8,38,18.41,40,AU,1611098328
12,young,-32.6833,-57.6333,84.0,35,1.99,0,UY,1611098568
13,albany,42.6001,-73.9662,36.0,71,4.34,93,US,1611098303
14,rikitea,-23.1203,-134.9692,78.55,77,15.32,20,PF,1611098302
15,arraial do cabo,-22.9661,-42.0278,77.0,83,16.11,0,BR,1611098370
16,ostrovnoy,68.0531,39.5131,16.29,95,25.05,100,RU,1611098288
17,atuona,-9.8,-139.0333,78.24,73,11.18,17,PF,1611098200
18,lebu,-37.6167,-73.65,62.35,75,22.7,0,CL,1611098331
19,nishihara,26.1842,127.7558,62.6,55,6.91,75,JP,1611098570
20,rorvik,64.8621,11.2373,28.8,91,26.31,100,NO,1611098570
21,airai,-8.9266,125.4092,64.26,100,2.82,100,TL,1611098347
22,cape town,-33.9258,18.4232,68.0,68,18.41,20,ZA,1611098195
23,pisco,-13.7,-76.2167,73.4,73,24.16,0,PE,1611098393
24,luderitz,-26.6481,15.1594,69.78,65,24.4,0,NA,1611098353
25,mount isa,-20.7333,139.5,86.0,51,3.44,58,AU,1611098571
26,san patricio,28.017,-97.5169,73.4,73,18.41,90,US,1611098431
27,mataura,-46.1927,168.8643,46.99,92,10.0,100,NZ,1611098312
28,charters towers,-20.1,146.2667,80.31,72,11.92,93,AU,1611098571
29,saint george,37.1041,-113.5841,55.99,24,9.22,75,US,1611098344
30,charleston,32.7766,-79.9309,53.01,66,4.61,20,US,1611098572
31,saint-philippe,-21.3585,55.7679,80.6,74,2.3,0,RE,1611098330
32,saint-paul,-21.0096,55.2707,78.8,83,4.61,0,RE,1611098572
33,chabahar,25.2919,60.643,68.88,70,8.57,0,IR,1611098572
34,puerto ayora,-0.7393,-90.3518,80.6,78,14.97,20,EC,1611098316
35,punta arenas,-53.15,-70.9167,62.6,48,6.91,0,CL,1611098301
36,ponta do sol,32.6667,-17.1,61.0,81,12.91,96,PT,1611098198
37,constitucion,-35.3333,-72.4167,63.63,80,5.91,13,CL,1611098378
38,vila velha,-20.3297,-40.2925,79.0,73,10.36,0,BR,1611098304
39,naze,28.3667,129.4833,59.0,63,6.91,75,JP,1611098314
40,chiang khong,20.2613,100.4046,57.2,100,2.3,3,TH,1611098574
41,souillac,-20.5167,57.5167,77.0,94,3.44,20,MU,1611098330
42,karlovo,42.6333,24.8,30.2,69,13.8,1,BG,1611098367
43,berlevag,70.8578,29.0864,26.6,63,19.57,75,NO,1611098365
44,turukhansk,65.8167,87.9833,-22.41,87,5.61,100,RU,1611098575
45,port elizabeth,-33.918,25.5701,68.0,77,16.11,0,ZA,1611098332
46,hithadhoo,-0.6,73.0833,80.71,71,10.65,9,MV,1611098304
47,port hardy,50.6996,-127.4199,44.6,87,3.44,75,CA,1611098104
48,middleton,53.55,-2.2,51.01,86,5.01,100,GB,1611098575
49,iskateley,67.6803,53.1512,-8.32,90,13.29,100,RU,1611098575
50,abaza,52.655,90.0928,3.88,87,3.33,46,RU,1611098576
51,port lincoln,-34.7333,135.8667,68.04,64,12.26,8,AU,1611098435
52,mitsamiouli,-11.3847,43.2844,81.81,81,12.28,99,KM,1611098576
53,port-gentil,-0.7193,8.7815,80.6,83,3.44,20,GA,1611098576
54,ushuaia,-54.8,-68.3,59.0,58,9.22,20,AR,1611098461
55,pingzhuang,42.0372,119.2889,6.8,91,5.06,3,CN,1611098576
56,messina,38.1933,15.5497,48.0,76,4.54,0,IT,1611098534
57,saskylakh,71.9167,114.0833,-20.56,86,7.87,100,RU,1611098308
58,mahibadhoo,3.7833,72.9667,81.52,75,11.07,46,MV,1611098577
59,chokurdakh,70.6333,147.9167,-37.93,83,2.89,48,RU,1611098346
60,mahebourg,-20.4081,57.7,77.0,94,3.44,20,MU,1611098326
61,kysyl-syr,63.8986,122.7617,-46.12,75,8.32,97,RU,1611098577
62,victoria,22.2855,114.1577,64.0,69,1.01,94,HK,1611098362
63,launceston,-41.45,147.1667,63.0,55,5.75,0,AU,1611098578
64,marystown,47.1666,-55.1483,29.41,91,19.86,80,CA,1611098578
65,nikolskoye,59.7035,30.7861,23.0,86,4.47,75,RU,1611098222
66,tuktoyaktuk,69.4541,-133.0374,3.2,78,13.8,90,CA,1611098373
67,isangel,-19.55,169.2667,84.2,84,1.81,75,VU,1611098350
68,uelzen,52.9667,10.5667,46.4,87,16.11,75,DE,1611098579
69,kapaa,22.0752,-159.319,69.8,100,23.02,90,US,1611098321
70,saldanha,-33.0117,17.9442,64.4,72,14.97,0,ZA,1611098096
71,carmo do rio claro,-20.9719,-46.1189,70.07,79,1.5,100,BR,1611098579
72,aklavik,68.2191,-135.0107,1.4,85,12.66,90,CA,1611098580
73,bredasdorp,-34.5322,20.0403,62.6,72,4.61,44,ZA,1611098580
74,seymchan,62.8833,152.4333,-43.47,79,1.97,71,RU,1611098580
75,batemans bay,-35.7167,150.1833,66.99,54,4.0,69,AU,1611098580
76,tura,25.5198,90.2201,57.52,60,4.79,0,IN,1611098226
77,kasongo-lunda,-6.4667,16.8167,71.06,84,0.6,99,CD,1611098580
78,chuy,-33.6971,-53.4616,67.1,72,7.92,0,UY,1611098352
79,jamestown,42.097,-79.2353,28.0,86,6.91,90,US,1611098311
80,san cristobal,7.7669,-72.225,82.4,65,6.91,40,VE,1611098383
81,east london,-33.0153,27.9116,70.56,73,18.95,71,ZA,1611098350
82,high level,58.5169,-117.136,35.6,100,8.05,75,CA,1611098581
83,simplicio mendes,-7.8539,-41.9103,81.03,52,3.02,99,BR,1611098582
84,novyye burasy,52.1324,46.0714,-0.99,56,1.01,85,RU,1611098467
85,kaitangata,-46.2817,169.8464,53.01,63,14.0,100,NZ,1611098271
86,zhicheng,30.2956,111.5047,45.0,63,2.51,78,CN,1611098582
87,burnie,-41.0667,145.9167,59.32,60,4.99,0,AU,1611098582
88,nizhneudinsk,54.9076,99.0276,4.06,90,2.93,100,RU,1611098583
89,asheboro,35.7079,-79.8136,50.0,43,4.54,1,US,1611098583
90,mancio lima,-7.6142,-72.8958,80.6,83,3.74,75,BR,1611098583
91,iqaluit,63.7506,-68.5145,28.4,100,5.55,90,CA,1611098342
92,severo-kurilsk,50.6789,156.125,13.21,87,19.1,94,RU,1611098358
93,yellowknife,62.456,-114.3525,15.8,92,6.91,90,CA,1611098104
94,jepara,-5.1695,105.7044,72.39,95,5.77,96,ID,1611098584
95,jardim,-21.4803,-56.1381,71.73,97,3.24,100,BR,1611098415
96,wanaka,-44.7,169.15,49.73,67,9.86,91,NZ,1611098584
97,moree,-29.4667,149.85,82.4,44,11.5,0,AU,1611098391
98,kloulklubed,7.0419,134.2556,80.6,89,10.36,90,PW,1611098584
99,lavrentiya,65.5833,-171.0,-14.96,83,4.54,18,RU,1611098346
100,carnarvon,-24.8667,113.6333,78.8,83,13.8,90,AU,1611098310
101,qaanaaq,77.484,-69.3632,2.44,72,7.99,99,GL,1611098334
102,te anau,-45.4167,167.7167,45.46,87,8.79,100,NZ,1611098585
103,fayetteville,35.0527,-78.8784,53.6,37,3.44,1,US,1611098523
104,cherskiy,68.75,161.3,-43.08,80,6.62,100,RU,1611098319
105,bambous virieux,-20.3428,57.7575,79.0,94,3.44,20,MU,1611098324
106,traverse city,44.7631,-85.6206,23.0,63,6.91,90,US,1611098541
107,saint-augustin,51.226,-58.6502,16.14,90,16.42,6,CA,1611098362
108,sabla,12.7525,4.7077,71.1,21,12.21,0,NG,1611098586
109,port pirie,-33.1833,138.0167,73.4,60,8.05,80,AU,1611098586
110,zunyi,27.6867,106.9072,45.37,69,4.59,100,CN,1611098587
111,bluff,-46.6,168.3333,46.99,92,10.0,95,NZ,1611098322
112,san carlos de bariloche,-41.1456,-71.3082,80.01,22,16.11,0,AR,1611098395
113,longido,-2.7333,36.6833,67.46,60,8.97,95,TZ,1611098588
114,lorengau,-2.0226,147.2712,84.47,69,8.16,99,PG,1611098379
115,namatanai,-3.6667,152.4333,82.49,76,7.74,77,PG,1611098588
116,mar del plata,-38.0023,-57.5575,70.0,78,10.36,0,AR,1611098285
117,bubaque,11.2833,-15.8333,78.3,62,12.82,19,GW,1611098588
118,vostok,46.4856,135.8833,-19.44,85,4.59,4,RU,1611098351
119,butaritari,3.0707,172.7902,80.13,81,21.0,84,KI,1611098300
120,clyde river,70.4692,-68.5914,1.4,92,10.36,75,CA,1611098446
121,nyimba,-14.5566,30.8149,70.59,93,4.14,100,ZM,1611098589
122,santa maria,-29.6842,-53.8069,80.6,50,11.5,0,BR,1611098237
123,rock sound,24.9,-76.2,71.51,70,18.92,3,BS,1611098589
124,ende,-8.8432,121.6623,77.29,86,6.58,100,ID,1611098589
125,ribeira grande,38.5167,-28.7,60.73,73,14.63,100,PT,1611098336
126,yining,29.0361,114.5636,43.54,61,1.34,45,CN,1611098590
127,codrington,-38.2667,141.9667,60.01,55,7.54,2,AU,1611098339
128,dikson,73.5069,80.5464,-20.42,89,9.28,94,RU,1611098344
129,sambava,-14.2667,50.1667,73.0,93,7.25,100,MG,1611098323
130,taganak,6.0833,118.3,75.2,100,2.3,40,PH,1611098590
131,kashary,49.04,41.0056,-4.2,92,5.5,87,RU,1611098590
132,baghdad,33.3406,44.4009,51.8,58,11.5,0,IQ,1611098476
133,colares,38.7992,-9.4469,57.99,88,28.07,100,PT,1611098591
134,jiayuguan,39.8167,98.3,20.48,57,2.91,95,CN,1611098591
135,diego de almagro,-26.3667,-70.05,73.81,27,10.07,0,CL,1611098591
136,gunjur,13.2019,-16.7339,69.8,68,3.44,52,GM,1611098591
137,sitka,57.0531,-135.33,39.2,81,12.66,75,US,1611098306
138,alyangula,-13.8483,136.4192,86.0,79,3.44,40,AU,1611098592
139,nador,35.174,-2.9287,46.4,81,3.44,0,MA,1611098592
140,mehamn,71.0357,27.8492,23.0,93,9.22,90,NO,1611098354
141,carutapera,-1.195,-46.02,76.71,88,7.83,100,BR,1611098331
142,kruisfontein,-34.0033,24.7314,66.0,81,1.99,5,ZA,1611098375
143,penzance,50.1186,-5.5371,51.8,100,31.07,90,GB,1611098413
144,port alfred,-33.5906,26.891,66.99,91,4.0,23,ZA,1611098309
145,tasiilaq,65.6145,-37.6368,12.2,67,3.44,75,GL,1611098314
146,upernavik,72.7868,-56.1549,21.24,76,5.79,100,GL,1611098379
147,yatou,37.15,122.3833,34.11,89,8.63,0,CN,1611098593
148,amahai,-3.3333,128.9167,80.67,80,1.19,95,ID,1611098534
149,kodiak,57.79,-152.4072,35.6,64,11.27,90,US,1611098311
150,rocha,-34.4833,-54.3333,68.77,64,4.52,0,UY,1611098371
151,the pas,53.8251,-101.2541,6.8,85,19.57,90,CA,1611098594
152,front royal,38.9182,-78.1944,39.2,35,6.91,1,US,1611098555
153,padang,-0.9492,100.3543,71.6,94,2.3,40,ID,1611098340
154,tougue,11.4667,-11.6,67.32,23,0.98,87,GN,1611098594
155,porbandar,21.6422,69.6093,65.08,46,8.99,0,IN,1611098595
156,batie,9.8833,-2.9167,74.93,19,4.52,0,BF,1611098595
157,pevek,69.7008,170.3133,-27.96,85,7.29,100,RU,1611098345
158,oum hadjer,13.2954,19.6966,67.37,25,12.12,5,TD,1611098595
159,houma,29.5958,-90.7195,69.01,72,6.91,1,US,1611098438
160,palu,-0.8917,119.8707,77.32,68,3.13,100,ID,1611098596
161,amalapuram,16.5833,82.0167,63.23,93,2.68,0,IN,1611098449
162,jinchang,38.4953,102.1739,22.46,52,2.39,55,CN,1611098596
163,west wendover,40.7391,-114.0733,39.2,30,8.05,1,US,1611098376
164,leshukonskoye,64.8989,45.7622,12.11,96,5.82,99,RU,1611098597
165,hobyo,5.3505,48.5268,76.96,79,18.28,60,SO,1611098342
166,broken hill,-31.95,141.4333,73.4,21,10.36,77,AU,1611098390
167,miles city,46.4083,-105.8406,39.2,41,12.66,1,US,1611098597
168,veraval,20.9,70.3667,68.04,37,8.25,0,IN,1611098597
169,troitsko-pechorsk,62.7084,56.1964,-2.78,92,7.14,100,RU,1611098597
170,ust-tsilma,65.441,52.1498,4.5,94,6.38,100,RU,1611098425
171,margate,51.3813,1.3862,50.0,80,11.01,100,GB,1611098598
172,alice springs,-23.7,133.8833,82.4,18,12.66,0,AU,1611098333
173,chiredzi,-21.05,31.6667,67.86,97,4.32,100,ZW,1611098598
174,tha mai,12.6214,102.0048,69.01,60,5.14,91,TH,1611098427
175,tessalit,20.1986,1.0114,62.56,25,14.83,11,ML,1611098599
176,georgetown,5.4112,100.3354,77.0,83,3.44,40,MY,1611098342
177,luziania,-16.2525,-47.9503,77.0,50,6.91,0,BR,1611098599
178,saryg-sep,51.5,95.6,7.77,94,1.95,100,RU,1611098599
179,norman wells,65.282,-126.8329,12.2,85,20.71,75,CA,1611098313
180,pauini,-7.7136,-66.9764,73.8,92,0.54,99,BR,1611098600
181,celestun,20.8667,-90.4,78.28,71,17.05,22,MX,1611098600
182,nyagan,62.1406,65.3936,-10.21,85,8.19,78,RU,1611098325
183,santa maria del oro,25.9333,-105.3667,67.55,31,12.15,100,MX,1611098600
184,necochea,-38.5473,-58.7368,75.99,66,3.0,1,AR,1611098329
185,narsaq,60.9167,-46.05,41.0,33,32.21,20,GL,1611098311
186,tigil,57.8,158.6667,-11.07,90,4.47,100,RU,1611098601
187,nanortalik,60.1432,-45.2371,26.1,85,10.54,29,GL,1611098312
188,muisne,0.6,-80.0333,78.8,89,6.91,75,EC,1611098601
189,ancud,-41.8697,-73.8203,70.0,68,6.91,0,CL,1611098338
190,wuwei,37.9281,102.6414,22.39,65,0.74,99,CN,1611098601
191,mirnyy,62.5353,113.9611,-46.23,77,4.03,100,RU,1611098601
192,adre,13.4667,22.2,62.1,29,19.48,47,TD,1611098602
193,sao filipe,14.8961,-24.4956,72.7,66,10.78,100,CV,1611098602
194,the valley,18.217,-63.0578,78.8,73,10.36,40,AI,1611098602
195,maldonado,-34.6667,-54.9167,78.01,73,6.17,0,UY,1611098602
196,moorhead,46.8739,-96.7676,6.8,72,5.75,1,US,1611098602
197,ambulu,-8.345,113.6058,75.94,85,2.13,100,ID,1611098393
198,nouadhibou,20.931,-17.0347,62.6,59,18.41,100,MR,1611098369
199,bogovarovo,58.9785,47.0246,-6.47,91,3.27,98,RU,1611098386
200,lagoa,39.05,-27.9833,59.81,73,19.69,100,PT,1611098370
201,luanda,-8.8368,13.2343,77.0,83,8.05,40,AO,1611098467
202,coquimbo,-29.9533,-71.3436,62.6,72,9.22,0,CL,1611098383
203,muriti,-1.9833,32.9167,68.0,88,5.75,40,TZ,1611098603
204,ikwiriri,-7.9562,38.9716,73.63,95,1.92,100,TZ,1611098604
205,tautira,-17.7333,-149.15,86.0,62,6.91,40,PF,1611098396
206,angoche,-16.2325,39.9086,79.47,83,1.21,100,MZ,1611098604
207,bathsheba,13.2167,-59.5167,78.8,65,23.02,20,BB,1611098344
208,coronini,44.68,21.6855,33.8,69,28.77,0,RS,1611098604
209,kargasok,59.0556,80.8572,-30.14,84,6.31,1,RU,1611098605
210,honiara,-9.4333,159.95,80.01,78,2.17,100,SB,1611098381
211,moindou,-21.6924,165.677,77.0,94,2.3,75,NC,1611098605
212,barrow,71.2906,-156.7887,-2.2,78,21.85,90,US,1611098332
213,sopetran,6.6703,-75.7475,68.0,60,6.91,20,CO,1611098605
214,morwell,-38.2333,146.4,64.0,56,1.99,0,AU,1611098606
215,jevargi,17.0167,76.7667,67.96,65,7.38,0,IN,1611098378
216,kastamonu,41.5,33.6667,17.92,93,2.93,66,TR,1611098606
217,mlonggo,-6.5333,110.7,77.0,83,2.3,40,ID,1611098606
218,castro,-24.7911,-50.0119,64.47,98,7.25,100,BR,1611098066
219,hay river,60.8156,-115.7999,37.4,70,14.97,99,CA,1611098606
220,myitkyina,25.3833,97.4,55.92,96,1.92,91,MM,1611098607
221,vanimo,-2.6741,141.3028,81.59,76,1.9,100,PG,1611098415
222,avarua,-21.2078,-159.775,84.2,74,6.91,20,CK,1611098302
223,port augusta,-32.5,137.7667,81.0,60,8.05,96,AU,1611098607
224,husavik,66.0449,-17.3389,30.2,93,20.71,90,IS,1611098322
225,thompson,55.7435,-97.8558,-2.2,84,5.75,90,CA,1611098300
226,emerald,-23.5333,148.1667,84.99,61,10.36,40,AU,1611098608
227,cabo san lucas,22.8909,-109.9124,71.6,49,3.44,90,MX,1611098348
228,lompoc,34.6391,-120.4579,66.99,39,11.5,41,US,1611098359
229,pacific grove,36.6177,-121.9166,69.8,12,12.66,1,US,1611098608
230,denpasar,-8.65,115.2167,80.6,89,4.61,40,ID,1611098211
231,show low,34.2542,-110.0298,45.0,75,8.05,75,US,1611098608
232,nelson bay,-32.7167,152.15,70.0,60,10.36,90,AU,1611098320
233,budogoshch,59.2816,32.4707,9.91,96,5.55,88,RU,1611098609
234,port blair,11.6667,92.75,77.18,72,8.57,95,IN,1611098356
235,acapulco,16.8634,-99.8901,84.2,65,6.91,75,MX,1611098363
236,port macquarie,-31.4333,152.9167,69.01,77,5.75,90,AU,1611098579
237,progreso,21.2833,-89.6667,82.99,54,16.11,75,MX,1611098451
238,morro bay,35.3658,-120.8499,70.0,21,8.99,25,US,1611098610
239,akersberga,59.4794,18.2997,35.01,92,5.01,98,SE,1611098610
240,zatoka,46.0725,30.4654,6.8,92,4.47,0,UA,1611098610
241,zhangjiakou,40.81,114.8794,12.92,88,1.21,0,CN,1611098610
242,vikhorevka,56.1201,101.1636,1.4,78,6.71,75,RU,1611098610
243,lagoa nova,-6.1,-36.4833,72.99,76,16.69,89,BR,1611098611
244,trat,12.5,102.5,69.01,60,4.16,81,TH,1611098611
245,fairbanks,64.8378,-147.7164,21.2,79,10.36,75,US,1611098432
246,najran,17.4924,44.1277,51.8,24,0.96,0,SA,1611098531
247,nome,64.5011,-165.4064,-7.6,71,3.4,1,US,1611098245
248,qaqortoq,60.7167,-46.0333,41.0,33,32.21,20,GL,1611098411
249,fortuna,40.5982,-124.1573,60.01,50,12.66,1,US,1611098325
250,komsomolskiy,40.4272,71.7189,41.0,87,6.91,90,UZ,1611098367
251,port hedland,-20.3167,118.5667,87.8,66,2.3,0,AU,1611098365
252,hereford,52.0568,-2.7148,52.0,94,8.99,100,GB,1611098612
253,malinovskiy,61.1953,62.8397,-5.98,88,7.85,100,RU,1611098612
254,provideniya,64.3833,-173.3,-2.2,78,8.95,90,RU,1611098355
255,biak,-0.9131,122.8766,77.09,82,1.57,100,ID,1611098380
256,lebedyn,50.5852,34.4849,1.74,93,4.45,39,UA,1611098613
257,grindavik,63.8424,-22.4338,32.0,74,23.02,20,IS,1611098306
258,bethel,41.3712,-73.414,33.01,74,6.26,1,US,1611098404
259,kieta,-6.2167,155.6333,83.73,67,3.04,60,PG,1611098317
260,siderno,38.2779,16.302,51.01,71,6.91,0,IT,1611098614
261,tarauaca,-8.1614,-70.7656,73.74,92,2.3,84,BR,1611098614
262,taunggyi,20.7833,97.0333,48.06,100,4.92,51,MM,1611098614
263,guerrero negro,27.9769,-114.0611,70.52,51,20.24,36,MX,1611098221
264,tooele,40.5308,-112.2983,37.99,52,4.61,1,US,1611098614
265,lawton,34.6087,-98.3903,48.2,42,8.05,75,US,1611098350
266,hualmay,-11.0964,-77.6139,73.26,76,7.87,49,PE,1611098387
267,walvis bay,-22.9575,14.5053,66.0,82,8.05,91,NA,1611098400
268,natal,-5.795,-35.2094,80.6,78,10.36,75,BR,1611098433
269,vila do maio,15.1333,-23.2167,69.8,73,16.11,75,CV,1611098377
270,newport,51.5877,-2.9984,54.0,99,5.01,100,GB,1611098615
271,mayo,38.8876,-76.5119,44.01,49,3.44,1,US,1611098616
272,pitimbu,-7.4706,-34.8086,80.6,78,8.05,40,BR,1611098616
273,yurga,55.7231,84.8861,-24.39,87,4.14,63,RU,1611098616
274,acarau,-2.8856,-40.12,79.7,80,13.51,100,BR,1611098097
275,yerbogachen,61.2767,108.0108,-46.5,77,3.42,100,RU,1611098344
276,kropotkin,45.4375,40.5756,15.93,97,3.94,98,RU,1611098437
277,puerto el triunfo,13.2833,-88.55,95.0,31,8.05,0,SV,1611098617
278,trairi,-3.2778,-39.2689,79.97,78,11.16,100,BR,1611098348
279,kayerkan,69.3497,87.7602,-26.79,85,1.63,100,RU,1611098349
280,welver,51.6167,7.9667,44.01,88,15.17,100,DE,1611098552
281,takehara,34.3383,132.9167,30.2,80,5.75,20,JP,1611098617
282,tromso,69.6496,18.957,21.99,73,3.44,0,NO,1611098345
283,kavieng,-2.5744,150.7967,82.22,78,13.49,96,PG,1611098312
284,champerico,14.3,-91.9167,87.8,58,6.91,40,GT,1611098618
285,palana,59.1167,159.9667,-14.13,90,15.26,75,RU,1611098618
286,charsadda,34.1435,71.7317,44.6,70,4.61,0,PK,1611098618
287,merrill,45.1805,-89.6835,14.0,79,6.91,90,US,1611098438
288,morant bay,17.8815,-76.4093,82.4,69,10.36,20,JM,1611098619
289,kununurra,-15.7667,128.7333,82.4,83,2.3,40,AU,1611098472
290,butembo,0.15,29.2833,60.06,79,2.55,41,CD,1611098620
291,tatawin,32.9297,10.4518,48.2,61,3.44,77,TN,1611098620
292,buckeye,33.3703,-112.5838,68.0,43,4.0,100,US,1611098620
293,parrita,9.5201,-84.3225,77.0,60,14.97,20,CR,1611098621
294,virginia beach,36.8529,-75.978,51.8,37,6.91,20,US,1611098485
295,elat,29.5581,34.9482,57.2,67,4.54,0,IL,1611098621
296,el campo,29.1966,-96.2697,71.6,53,8.05,75,US,1611098621
297,villa carlos paz,-31.4241,-64.4978,82.0,41,8.99,34,AR,1611098622
298,diamantino,-14.4086,-56.4461,72.25,93,1.83,100,BR,1611098346
299,cidreira,-30.1811,-50.2056,72.52,70,13.13,10,BR,1611098244
300,ngunguru,-35.6167,174.5,66.72,58,12.91,72,NZ,1611098622
301,marsa matruh,31.3525,27.2453,48.2,87,11.5,40,EG,1611098320
302,tiksi,71.6872,128.8694,-26.45,80,1.54,100,RU,1611098354
303,leningradskiy,69.3833,178.4167,-17.09,86,13.13,100,RU,1611098274
304,worthing,50.8145,-0.3713,50.0,87,8.01,100,GB,1611098623
305,vestmannaeyjar,63.4427,-20.2734,36.3,79,18.52,1,IS,1611098301
306,balkhash,46.844,74.9804,17.19,94,2.8,99,KZ,1611098623
307,dunedin,-45.8742,170.5036,54.09,64,18.84,96,NZ,1611098302
308,anadyr,64.75,177.4833,-29.2,75,8.95,78,RU,1611098623
309,velingara,13.15,-14.1167,76.75,16,7.38,67,SN,1611098623
310,bengkulu,-3.8004,102.2655,75.0,83,5.14,25,ID,1611098320
311,cockburn town,21.4612,-71.1419,77.0,78,11.5,40,TC,1611098306
312,petropavlovsk-kamchatskiy,53.0452,158.6483,21.2,49,11.18,100,RU,1611098357
313,savonlinna,61.8699,28.88,28.4,93,3.44,90,FI,1611098624
314,kaeo,-35.1,173.7833,69.24,52,12.17,46,NZ,1611098466
315,faanui,-16.4833,-151.75,81.25,73,14.72,7,PF,1611098432
316,colmenar viejo,40.6591,-3.7676,35.01,92,0.85,89,ES,1611098625
317,yunyang,33.4474,112.7142,35.37,79,4.59,97,CN,1611098625
318,patiya,22.2931,91.9762,55.94,62,4.21,0,BD,1611098342
319,ulladulla,-35.35,150.4667,68.0,52,9.22,40,AU,1611098440
320,ahipara,-35.1667,173.1667,65.62,57,14.29,61,NZ,1611098360
321,hazorasp,41.3194,61.0742,37.4,81,4.61,90,UZ,1611098626
322,la ligua,-32.4524,-71.2311,62.6,77,8.05,0,CL,1611098354
323,sol-iletsk,51.1631,54.9918,-3.1,92,8.66,88,RU,1611098626
324,hofn,64.2539,-15.2082,38.28,76,15.26,40,IS,1611098319
325,ginda,30.6945,78.4932,39.69,44,6.91,0,IN,1611098524
326,kamina,-8.7386,24.9906,64.38,96,4.18,98,CD,1611098627
327,ulaangom,49.9811,92.0667,-15.57,82,2.57,94,MN,1611098329
328,mackay,-21.15,149.2,82.99,78,16.11,40,AU,1611098310
329,taltal,-25.4,-70.4833,69.17,63,5.7,23,CL,1611098627
330,matara,5.9485,80.5353,75.74,88,2.37,98,LK,1611098628
331,trincomalee,8.5711,81.2335,79.09,83,8.7,24,LK,1611098628
332,pucara,-15.9803,-71.4606,59.0,58,10.36,20,PE,1611098589
333,abu kamal,34.4506,40.9171,52.36,73,2.64,99,SY,1611098628
334,talnakh,69.4865,88.3972,-27.51,84,1.19,100,RU,1611098378
335,nikolayevka,53.1257,47.2041,-9.04,88,5.75,50,RU,1611098628
336,tuatapere,-46.1333,167.6833,46.99,93,8.01,100,NZ,1611098629
337,rafai,4.95,23.9167,72.95,27,5.12,2,CF,1611098629
338,andenes,69.3143,16.1194,28.4,69,19.57,0,NO,1611098629
339,ouadda,8.0777,22.4007,70.86,22,7.07,0,CF,1611098629
340,camacha,33.0833,-16.3333,59.0,72,2.3,20,PT,1611098629
341,namtsy,62.7161,129.6658,-56.2,51,4.74,81,RU,1611098630
342,cabedelo,-6.9811,-34.8339,80.6,78,8.05,40,BR,1611098395
343,sur,22.5667,59.5289,68.2,56,3.53,0,OM,1611098630
344,coihaique,-45.5752,-72.0662,71.6,33,11.5,75,CL,1611098343
345,tiznit,29.5833,-9.5,54.93,43,1.25,40,MA,1611098631
346,karaton,-6.3424,106.1045,78.8,78,8.05,75,ID,1611098631
347,svetlaya,46.5389,138.3297,-1.75,74,8.05,0,RU,1611098631
348,meulaboh,4.1363,96.1285,75.16,88,4.0,98,ID,1611098444
349,salalah,17.0151,54.0924,68.0,40,4.61,0,OM,1611098364
350,sobolevo,54.4299,31.8996,-1.97,93,3.85,25,RU,1611098632
351,santa isabel,-23.3156,-46.2214,75.2,94,4.61,75,BR,1611098467
352,vallenar,-28.5708,-70.7581,76.14,31,6.71,0,CL,1611098632
353,sioux lookout,50.1001,-91.917,-2.2,78,2.3,90,CA,1611098632
354,muros,42.7762,-9.0603,52.0,93,10.0,100,ES,1611098331
355,revda,56.801,59.9303,5.0,85,8.95,40,RU,1611098633
356,siniscola,40.5719,9.6922,41.0,87,3.44,20,IT,1611098633
357,provost,52.3501,-110.2683,30.2,69,4.61,100,CA,1611098633
358,tabuk,17.4189,121.4443,71.42,91,7.07,100,PH,1611098633
359,rawson,-43.3002,-65.1023,75.76,45,19.73,37,AR,1611098454
360,aripuana,-9.1667,-60.6333,73.36,98,1.23,99,BR,1611098634
361,bodaybo,57.8506,114.1933,-0.87,86,4.03,100,RU,1611098634
362,novyy urengoy,66.0833,76.6333,-19.19,88,7.27,86,RU,1611098634
363,contamana,-7.3333,-75.0167,70.88,97,3.4,100,PE,1611098634
364,paamiut,61.994,-49.6678,30.25,89,10.94,82,GL,1611098634
365,wenling,28.3669,121.36,55.0,77,5.55,97,CN,1611098634
366,vao,-22.6667,167.4833,79.12,81,8.08,90,NC,1611098374
367,tabas,33.5959,56.9244,44.6,33,4.61,43,IR,1611098240
368,georgiyevskoye,58.731,45.024,-1.8,93,3.09,94,RU,1611098635
369,muskogee,35.5834,-95.3336,46.4,49,9.22,1,US,1611098635
370,namibe,-15.1961,12.1522,72.68,72,4.25,100,AO,1611098636
371,shanhetun,44.7,127.2,6.42,93,9.17,62,CN,1611098636
372,thunder bay,48.4001,-89.3168,1.99,66,5.75,20,CA,1611098456
373,westport,41.1415,-73.3579,37.99,56,6.91,1,US,1611098459
374,torbay,47.6666,-52.7314,33.01,86,20.71,90,CA,1611098372
375,hosanagara,13.9167,75.0667,64.71,60,4.43,0,IN,1611098351
376,pochutla,15.7432,-96.4661,87.8,45,8.05,75,MX,1611098419
377,monroe,43.1501,-77.6831,32.0,64,12.66,40,US,1611098396
378,kalmunai,7.4167,81.8167,74.62,93,8.93,39,LK,1611098387
379,qandala,11.472,49.8728,72.21,61,3.58,16,SO,1611098426
380,bururi,-3.85,29.6333,58.23,94,0.25,98,BI,1611098637
381,ketchikan,55.3422,-131.6461,39.2,87,3.44,75,US,1611098097
382,zhanakorgan,43.9098,67.2495,35.47,87,7.07,86,KZ,1611098638
383,korla,41.7597,86.1469,18.5,84,3.51,70,CN,1611098326
384,rio grande,-32.035,-52.0986,72.0,74,11.63,0,BR,1611098212
385,ciudad bolivar,8.1222,-63.5497,81.72,63,12.3,95,VE,1611098638
386,pangobilian,8.8011,117.8594,78.64,84,11.86,96,PH,1611098638
387,uvinza,-5.1036,30.3911,67.19,87,2.91,100,TZ,1611098638
388,camana,-16.6228,-72.7111,73.26,72,7.38,10,PE,1611098639
389,saint-joseph,-21.3667,55.6167,80.6,74,2.3,0,RE,1611098639
390,beberibe,-4.1797,-38.1306,78.8,89,3.44,75,BR,1611098639
391,bourail,-21.5667,165.4833,81.99,77,7.96,97,NC,1611098639
392,vardo,70.3705,31.1107,19.4,73,10.36,40,NO,1611098455
393,vila franca do campo,37.7167,-25.4333,59.0,72,6.91,20,PT,1611098348
394,geraldton,-28.7667,114.6,77.0,65,10.36,90,AU,1611098359
395,havre-saint-pierre,50.2334,-63.5986,6.8,78,11.5,1,CA,1611098640
396,mbanza-ngungu,-5.25,14.8667,66.99,98,0.78,98,CD,1611098640
397,saint-pierre,-21.3393,55.4781,80.6,74,2.3,0,RE,1611098448
398,asau,46.4333,26.4,19.0,100,2.3,95,RO,1611098640
399,maceio,-9.6658,-35.7353,77.0,83,4.61,20,BR,1611098641
400,freeport,40.6576,-73.5832,39.2,48,12.66,1,US,1611098374
401,kurilsk,45.2333,147.8833,14.92,90,21.52,99,RU,1611098415
402,adrar,20.5022,-10.0711,58.66,28,11.34,29,MR,1611098389
403,humaita,-7.5061,-63.0208,74.35,97,3.04,100,BR,1611098642
404,huarmey,-10.0681,-78.1522,73.6,74,7.87,72,PE,1611098642
405,college,64.8569,-147.8028,21.2,68,4.61,75,US,1611098586
406,aljezur,37.3191,-8.8033,55.99,32,5.99,100,PT,1611098642
407,pemberton,50.3164,-122.8027,37.4,75,6.91,75,CA,1611098643
408,santa rosa,14.3122,121.1114,77.0,88,2.3,75,PH,1611098375
409,saint anthony,45.0205,-93.218,12.99,62,9.22,1,US,1611098209
410,balsas,-7.5325,-46.0356,74.95,85,2.86,95,BR,1611098643
411,gazojak,41.1875,61.4036,37.09,84,4.45,99,TM,1611098643
412,eydhafushi,5.1033,73.0708,82.04,66,8.03,2,MV,1611098643
413,seoul,37.5683,126.9778,17.6,79,2.3,0,KR,1611098055
414,broome,42.2506,-75.833,32.0,59,10.36,90,US,1611098644
415,oulainen,64.2667,24.8,21.99,93,1.99,100,FI,1611098644
416,ariquemes,-9.9133,-63.0408,73.44,96,1.5,92,BR,1611098644
417,maragogi,-9.0122,-35.2225,78.31,79,8.9,89,BR,1611098617
418,fare,-16.7,-151.0167,80.73,77,16.22,60,PF,1611098645
419,atar,20.5169,-13.0499,60.78,26,11.9,75,MR,1611098324
420,jalu,29.0331,21.5482,48.99,65,10.42,0,LY,1611098426
421,lianzhou,24.7811,112.3825,47.01,55,1.79,0,CN,1611098645
422,dodge city,37.7528,-100.0171,46.4,31,9.22,1,US,1611098388
423,puerto rico,-26.796,-55.024,73.54,93,3.53,75,AR,1611098646
424,shubarkuduk,49.1447,56.4872,-3.96,92,7.92,66,KZ,1611098646
425,port hueneme,34.1478,-119.1951,69.8,14,35.68,1,US,1611098646
426,oussouye,12.485,-16.5469,71.6,68,11.5,0,SN,1611098646
427,rudnya,54.947,31.0934,0.1,94,4.29,82,RU,1611098646
428,zhigansk,66.7697,123.3711,-51.99,75,6.46,54,RU,1611098396
429,mandera,3.9366,41.867,80.04,26,8.81,92,KE,1611098647
430,waddan,29.1614,16.139,49.55,70,7.94,28,LY,1611098647
431,nioro,13.35,-15.75,76.06,16,8.12,77,GM,1611098647
432,karachi,24.9056,67.0822,55.4,58,6.24,0,PK,1611098647
433,cascais,38.6979,-9.4215,57.99,88,27.09,100,PT,1611098647
434,biri,12.6833,124.3636,77.38,86,5.32,86,PH,1611098648
435,ust-maya,60.4167,134.5333,-50.35,74,2.17,2,RU,1611098464
436,sorland,67.667,12.6934,33.94,85,17.63,72,NO,1611098529
437,xining,36.6167,101.7667,17.31,68,2.33,100,CN,1611098648
438,avera,33.194,-82.5271,55.4,35,3.44,1,US,1611098648
439,arica,-18.475,-70.3042,71.6,68,6.91,0,CL,1611098370
440,alihe,50.5667,123.7167,-6.48,87,1.57,100,CN,1611098649
441,high rock,26.6208,-78.2833,66.2,59,10.36,40,BS,1611098649
442,ixtapa,20.7,-105.2,75.2,78,8.05,75,MX,1611098399
443,gourcy,13.2167,-2.35,72.66,20,9.95,0,BF,1611098649
444,lashio,22.9333,97.75,50.81,97,0.76,44,MM,1611098650
445,praia da vitoria,38.7333,-27.0667,57.99,82,14.36,20,PT,1611098650
446,longyearbyen,78.2186,15.6401,19.4,63,19.57,75,SJ,1611098350
447,makakilo city,21.3469,-158.0858,84.2,48,11.5,1,US,1611098394
448,khani,41.9563,42.9566,32.0,93,2.3,90,GE,1611098398
449,aguimes,27.9054,-15.4461,59.0,82,4.61,0,ES,1611098650
450,along,28.1667,94.7667,53.49,81,0.43,100,IN,1611098651
451,deputatskiy,69.3,139.9,-36.58,85,0.98,85,RU,1611098455
452,nueva gerona,21.8833,-82.8,74.25,75,17.11,6,CU,1611098651
453,srandakan,-7.9386,110.2506,76.44,84,3.69,96,ID,1611098340
454,murgab,37.4966,61.9714,39.2,75,6.91,0,TM,1611098313
455,kirkuk,35.4681,44.3922,51.62,52,17.45,98,IQ,1611098651
456,roald,62.5833,6.1333,33.8,69,13.8,20,NO,1611098334
457,dongsheng,39.8161,109.9776,16.43,75,9.66,0,CN,1611098356
458,flagstaff,35.1981,-111.6513,33.01,93,14.97,90,US,1611098537
459,portland,45.5234,-122.6762,53.01,54,3.44,40,US,1611098412
460,taybad,34.74,60.7756,46.08,52,3.76,0,IR,1611098652
461,manzanillo,20.3433,-77.1167,75.67,80,14.9,100,CU,1611098652
462,micheweni,-4.9667,39.8333,80.55,76,10.0,98,TZ,1611098415
463,shebunino,46.4339,141.8603,12.52,91,17.87,100,RU,1611098653
464,sechura,-5.5569,-80.8222,79.61,57,16.62,90,PE,1611098305
465,labuhan,-6.8844,112.2051,77.23,88,7.4,100,ID,1611098461
466,enshi,30.3,109.4833,45.93,82,1.01,99,CN,1611098653
467,evensk,61.95,159.2333,-13.16,77,12.03,0,RU,1611098468
468,trebinje,42.7119,18.3442,39.2,81,6.91,40,BA,1611098370
469,bitung,1.4451,125.1824,75.2,94,3.38,20,ID,1611098489
470,manacapuru,-3.2997,-60.6206,77.0,94,5.75,75,BR,1611098654
471,daud khel,32.875,71.5701,51.75,45,0.89,0,PK,1611098654
472,kahului,20.8947,-156.47,84.2,51,9.82,40,US,1611098119
473,kutum,14.2,24.6667,52.88,39,13.62,41,SD,1611098654
474,vieques,18.425,-65.8329,78.8,78,11.5,75,PR,1611098655
475,tuy hoa,13.0833,109.3,66.81,84,6.55,92,VN,1611098655
476,damara,4.9608,18.7035,77.0,73,1.52,0,CF,1611098655
477,lodja,-3.4833,23.4333,70.32,83,1.77,84,CD,1611098655
478,havoysund,70.9963,24.6622,19.4,63,6.91,0,NO,1611098317
479,clinton,42.587,-82.9199,33.01,69,8.05,90,US,1611098655
480,buala,-8.145,159.5921,85.01,68,4.81,89,SB,1611098397
481,bahia honda,22.9036,-83.1592,71.42,79,13.11,83,CU,1611098352
482,klaksvik,62.2266,-6.589,35.6,87,8.05,20,FO,1611098328
483,bonthe,7.5264,-12.505,77.85,82,7.67,42,SL,1611098656
484,iquique,-20.2208,-70.1431,71.6,64,17.27,0,CL,1611098522
485,anqing,30.5092,117.0506,42.44,61,2.04,0,CN,1611098656
486,pailon,-17.65,-62.75,82.4,54,3.44,40,BO,1611098656
487,kamenka,51.3223,42.7678,-0.99,87,4.63,90,RU,1611098356
488,basco,20.4487,121.9702,75.25,82,28.32,96,PH,1611098657
489,palanga,55.9175,21.0686,17.6,86,13.8,90,LT,1611098657
490,lata,40.1629,-8.3327,55.99,76,5.99,100,PT,1611098412
491,bykovo,55.6361,38.0803,10.4,85,4.47,40,RU,1611098658
492,jinxiang,27.4327,120.6062,52.56,70,8.12,95,CN,1611098658
493,hami,42.8,93.45,14.95,77,1.34,86,CN,1611098434
494,warrington,53.3925,-2.5802,53.6,87,19.57,75,GB,1611098658
495,waipawa,-41.4122,175.5153,62.01,51,28.77,2,NZ,1611098658
496,tirana,41.3275,19.8189,37.4,60,8.05,90,AL,1611098658
497,pimenta bueno,-11.6725,-61.1936,74.26,95,3.71,84,BR,1611098659
498,mahenge,-8.6833,36.7167,65.86,100,1.41,100,TZ,1611098659
499,bodden town,19.2833,-81.25,81.0,73,16.11,40,KY,1611098415
500,veisiejai,54.1,23.7,9.41,94,11.88,49,LT,1611098659
501,villafranca de los barros,38.5614,-6.3381,48.99,80,1.99,99,ES,1611098660
502,shitanjing,39.2342,106.3439,20.98,66,3.33,6,CN,1611098660
503,faya,18.3851,42.4509,55.4,94,9.22,0,SA,1611098336
504,ust-ilimsk,58.0006,102.6619,-7.02,90,3.8,100,RU,1611098660
505,ewa beach,21.3156,-158.0072,84.2,48,11.5,1,US,1611098437
506,goderich,43.7501,-81.7165,28.4,64,16.11,100,CA,1611098456
507,yingcheng,30.95,113.55,44.6,49,8.95,0,CN,1611098661
508,los llanos de aridane,28.6585,-17.9182,60.8,72,6.91,40,ES,1611098337
509,newala,-10.9431,39.2787,68.79,100,2.71,100,TZ,1611098661
510,sao joao da barra,-21.6403,-41.0511,82.4,61,18.41,0,BR,1611098049
511,khandyga,62.6667,135.6,-41.87,80,0.74,100,RU,1611098662
512,alamada,7.3333,124.5667,76.21,85,1.7,99,PH,1611098662
513,itatiaia,-22.4961,-44.5633,71.78,83,2.51,100,BR,1611098663
514,san jose,37.3394,-121.895,68.0,13,10.36,20,US,1611098366
515,chicama,-7.8447,-79.1469,69.8,83,10.36,75,PE,1611098663
516,san juan,-31.5375,-68.5364,91.51,14,14.88,11,AR,1611098663
517,santa cruz,-17.8,-63.1667,82.4,44,4.61,40,BO,1611098663
518,tutoia,-2.7619,-42.2744,76.66,87,11.36,100,BR,1611098664
519,cayenne,4.9333,-52.3333,75.2,88,11.5,75,GF,1611098157
520,yarada,17.65,83.2667,69.8,94,2.3,0,IN,1611098664
521,lufilufi,-13.8745,-171.5986,89.6,74,17.27,40,WS,1611098537
522,matiri,-10.75,34.9,63.39,93,1.28,100,TZ,1611098664
523,karlskoga,59.3267,14.5239,34.0,100,6.91,75,SE,1611098665
524,abha,18.2164,42.5053,55.4,94,9.22,0,SA,1611098665
525,liepaja,56.5419,21.0367,17.6,86,8.05,90,LV,1611098665
526,buchanan,5.8808,-10.0467,77.0,94,6.91,88,LR,1611098665
527,japura,-0.3167,102.35,70.39,95,1.61,99,ID,1611098665
528,tocopilla,-22.092,-70.1979,71.83,53,7.67,7,CL,1611098665
529,colac,-38.3333,143.5833,59.0,76,3.0,0,AU,1611098666
530,hangu,39.2489,117.7892,24.8,93,3.56,90,CN,1611098666
531,arlit,18.7369,7.3853,61.9,27,8.81,0,NE,1611098666
532,kasongo,-4.45,26.6667,68.79,85,1.41,100,CD,1611098666
533,ola,59.5833,151.2833,-18.56,79,10.76,54,RU,1611098667
534,kimbe,-5.5502,150.1429,84.38,73,1.9,100,PG,1611098667
535,bol,13.4586,14.7147,70.84,37,24.49,3,TD,1611098667
536,salinopolis,-0.6136,-47.3561,78.22,84,11.54,100,BR,1611098417
537,dukat,62.55,155.55,-40.5,80,5.59,69,RU,1611098458
538,kavaratti,10.5669,72.642,81.59,71,6.24,0,IN,1611098366
539,hengshui,37.7322,115.7011,20.59,92,5.1,3,CN,1611098668
540,sangmelima,2.9333,11.9833,69.69,90,4.05,69,CM,1611098668
541,karpathos,35.507,27.2132,48.2,53,26.46,37,GR,1611098668
542,yar-sale,66.8333,70.8333,-28.34,84,4.23,72,RU,1611098453
